Microsoft Windows [Version 10.0.22621.1265]
(c) Microsoft Corporation. All rights reserved.

C:\Users\DELL>cqlsh

WARNING: console codepage must be set to cp65001 to support utf-8 encoding on Windows platforms.
If you experience encoding problems, change your console codepage with 'chcp 65001' before starting cqlsh.

Connected to Test Cluster at 127.0.0.1:9042.
[cqlsh 5.0.1 | Cassandra 3.11.10 | CQL spec 3.4.4 | Native protocol v4]
Use HELP for help.
WARNING: pyreadline dependency missing.  Install to enable tab completion.
cqlsh> help

Documented shell commands:
===========================
CAPTURE  CLS          COPY  DESCRIBE  EXPAND  LOGIN   SERIAL  SOURCE   UNICODE
CLEAR    CONSISTENCY  DESC  EXIT      HELP    PAGING  SHOW    TRACING

CQL help topics:
================
AGGREGATES               CREATE_KEYSPACE           DROP_TRIGGER      TEXT
ALTER_KEYSPACE           CREATE_MATERIALIZED_VIEW  DROP_TYPE         TIME
ALTER_MATERIALIZED_VIEW  CREATE_ROLE               DROP_USER         TIMESTAMP
ALTER_TABLE              CREATE_TABLE              FUNCTIONS         TRUNCATE
ALTER_TYPE               CREATE_TRIGGER            GRANT             TYPES
ALTER_USER               CREATE_TYPE               INSERT            UPDATE
APPLY                    CREATE_USER               INSERT_JSON       USE
ASCII                    DATE                      INT               UUID
BATCH                    DELETE                    JSON
BEGIN                    DROP_AGGREGATE            KEYWORDS
BLOB                     DROP_COLUMNFAMILY         LIST_PERMISSIONS
BOOLEAN                  DROP_FUNCTION             LIST_ROLES
COUNTER                  DROP_INDEX                LIST_USERS
CREATE_AGGREGATE         DROP_KEYSPACE             PERMISSIONS
CREATE_COLUMNFAMILY      DROP_MATERIALIZED_VIEW    REVOKE
CREATE_FUNCTION          DROP_ROLE                 SELECT
CREATE_INDEX             DROP_TABLE                SELECT_JSON

cqlsh> describe keyspaces;

system_traces  system_schema  system_auth  system  system_distributed

cqlsh> CREATE KEYSPACE SampleDemoDB
   ... WITH replication = {'class':'SimpleStrategy', 'replication_factor' : 3};
cqlsh> describe keyspaces;

system_schema  system        system_distributed
system_auth    sampledemodb  system_traces

cqlsh> describe sampledemodb;

CREATE KEYSPACE sampledemodb WITH replication = {'class': 'SimpleStrategy', 'replication_factor': '3'}  AND durable_writes = true;

cqlsh> ALTER KEYSPACE SampleDemoDB
   ... WITH replication = {'class':'NetworkTopologyStrategy', 'replication_factor' : 1};
ConfigurationException: replication_factor is an option for SimpleStrategy, not NetworkTopologyStrategy
cqlsh> describe sampledemodb;

CREATE KEYSPACE sampledemodb WITH replication = {'class': 'SimpleStrategy', 'replication_factor': '3'}  AND durable_writes = true;

cqlsh> use sampledemodb
   ... ;
cqlsh:sampledemodb> CREATE TABLE employee(
                ...    emp_id int PRIMARY KEY,
                ...    emp_name text,
                ...    emp_city text,
                ...    emp_sal varint,
                ...    emp_phone varint
                ...    );
cqlsh:sampledemodb> describe tables;

employee

cqlsh:sampledemodb> describe employee;

CREATE TABLE sampledemodb.employee (
    emp_id int PRIMARY KEY,
    emp_city text,
    emp_name text,
    emp_phone varint,
    emp_sal varint
) WITH bloom_filter_fp_chance = 0.01
    AND caching = {'keys': 'ALL', 'rows_per_partition': 'NONE'}
    AND comment = ''
    AND compaction = {'class': 'org.apache.cassandra.db.compaction.SizeTieredCompactionStrategy', 'max_threshold': '32', 'min_threshold': '4'}
    AND compression = {'chunk_length_in_kb': '64', 'class': 'org.apache.cassandra.io.compress.LZ4Compressor'}
    AND crc_check_chance = 1.0
    AND dclocal_read_repair_chance = 0.1
    AND default_time_to_live = 0
    AND gc_grace_seconds = 864000
    AND max_index_interval = 2048
    AND memtable_flush_period_in_ms = 0
    AND min_index_interval = 128
    AND read_repair_chance = 0.0
    AND speculative_retry = '99PERCENTILE';

cqlsh:sampledemodb> select * from employee;

 emp_id | emp_city | emp_name | emp_phone | emp_sal
--------+----------+----------+-----------+---------

(0 rows)
cqlsh:sampledemodb> INSERT INTO employee (emp_id, emp_name, emp_city,
                ...    emp_phone, emp_sal) VALUES(1,'ram', 'Hyderabad', 9848022338, 50000);
cqlsh:sampledemodb> INSERT INTO employee (emp_id, emp_name, emp_city,
                ...    emp_phone, emp_sal) VALUES(2,'robin', 'Hyderabad', 9848022339, 40000);
cqlsh:sampledemodb> INSERT INTO employee (emp_id, emp_name, emp_city,
                ...    emp_phone, emp_sal) VALUES(3,'rahman', 'Chennai', 9848022330, 45000);
cqlsh:sampledemodb> select * from employee;

 emp_id | emp_city  | emp_name | emp_phone  | emp_sal
--------+-----------+----------+------------+---------
      1 | Hyderabad |      ram | 9848022338 |   50000
      2 | Hyderabad |    robin | 9848022339 |   40000
      3 |   Chennai |   rahman | 9848022330 |   45000

(3 rows)

cqlsh:sampledemodb> UPDATE employee SET emp_city='Chidambaram', emp_sal=60000 WHERE emp_id = 2;
cqlsh:sampledemodb> select * from employee where emp_id = 2;

 emp_id | emp_city    | emp_name | emp_phone  | emp_sal
--------+-------------+----------+------------+---------
      2 | Chidambaram |    robin | 9848022339 |   60000

(1 rows)
cqlsh:sampledemodb>  INSERT INTO employee (emp_id, emp_name, emp_city,
                ...    emp_phone, emp_sal) VALUES(4,'remo', 'Trichy', 98480223370, 20000);
cqlsh:sampledemodb>  INSERT INTO employee (emp_id, emp_name, emp_city,
                ...    emp_phone, emp_sal) VALUES(5,'harish', 'Theni', 9848022359, 4000);
cqlsh:sampledemodb> select * from employee;

 emp_id | emp_city    | emp_name | emp_phone   | emp_sal
--------+-------------+----------+-------------+---------
      5 |       Theni |   harish |  9848022359 |    4000
      1 |   Hyderabad |      ram |  9848022338 |   50000
      2 | Chidambaram |    robin |  9848022339 |   60000
      4 |      Trichy |     remo | 98480223370 |   20000
      3 |     Chennai |   rahman |  9848022330 |   45000

(5 rows)
cqlsh:sampledemodb> delete emp_sal from employee where emp_id = 3;
cqlsh:sampledemodb> select * from employee;

 emp_id | emp_city    | emp_name | emp_phone   | emp_sal
--------+-------------+----------+-------------+---------
      5 |       Theni |   harish |  9848022359 |    4000
      1 |   Hyderabad |      ram |  9848022338 |   50000
      2 | Chidambaram |    robin |  9848022339 |   60000
      4 |      Trichy |     remo | 98480223370 |   20000
      3 |     Chennai |   rahman |  9848022330 |    null

(5 rows)
cqlsh:sampledemodb> CREATE TABLE department(
                ...    dept_id int PRIMARY KEY,
                ...    dept_name text,
                ...    dept_project text,
                ...    dept_phone varint
                ...    );
cqlsh:sampledemodb> select * from department;

 dept_id | dept_name | dept_phone | dept_project
---------+-----------+------------+--------------

(0 rows)

cqlsh:sampledemodb> INSERT INTO department (dept_id, dept_name, dept_project,
                ...   dept_phone) VALUES(1,'crime','crimeanalysis', 9848022338);
cqlsh:sampledemodb> select * from department;

 dept_id | dept_name | dept_phone | dept_project
---------+-----------+------------+---------------
       1 |     crime | 9848022338 | crimeanalysis

(1 rows)
cqlsh:sampledemodb> truncate department;
cqlsh:sampledemodb> select * from department;

 dept_id | dept_name | dept_phone | dept_project
---------+-----------+------------+--------------

(0 rows)
cqlsh:sampledemodb> drop table department;

cqlsh:sampledemodb> CREATE TABLE data(name text PRIMARY KEY, email list<text>);
cqlsh:sampledemodb> INSERT INTO data(name, email) VALUES ('Shreya',
                ... ['abc@gmail.com','cba@yahoo.com'])
                ... ;
cqlsh:sampledemodb> INSERT INTO data(name, email) VALUES ('Sek',
                ... ['sek08@gmail.com','shek@yahoo.com']);
cqlsh:sampledemodb> INSERT INTO data(name, email) VALUES ('Sush',
                ... ['sushmi@gmail.com','guptha@yahoo.com']);
cqlsh:sampledemodb> select * from data;

 name   | email
--------+------------------------------------------
    Sek |    ['sek08@gmail.com', 'shek@yahoo.com']
   Sush | ['sushmi@gmail.com', 'guptha@yahoo.com']
 Shreya |       ['abc@gmail.com', 'cba@yahoo.com']

(3 rows)
cqlsh:sampledemodb> CREATE TABLE blogs (blogId int,
                ...                     time1 int,
                ...                     time2 int,
                ...                     author text,
                ...                     content text,
                ...                     PRIMARY KEY(blogId, time1, time2));
cqlsh:sampledemodb> select * from blogs where time1 = 141;
InvalidRequest: Error from server: code=2200 [Invalid query] message="Cannot execute this query as it might involve data filtering and thus may have unpredictable performance. If you want to execute this query despite the performance unpredictability, use ALLOW FILTERING"
cqlsh:sampledemodb> select * from blogs where blogId =1 and time1 = 141 and time2 = 122;

 blogid | time1 | time2 | author | content
--------+-------+-------+--------+---------

(0 rows)
cqlsh:sampledemodb> select * from blogs where time1 = 141 ALLOW FILTERING;

 blogid | time1 | time2 | author | content
--------+-------+-------+--------+---------